MRS,SRS,TST,TRA,ARC,SWD
MRS-001,SRS-001,TST-001,TRA-001,,
MRS-001,SRS-001,,,ARC-001,SWD-001
MRS-001,SRS-001,,,ARC-001,SWD-002
MRS-001,SRS-001,,,ARC-001,SWD-003
MRS-001,SRS-001,,,ARC-001,SWD-004
MRS-001,SRS-001,,,ARC-001,SWD-005
MRS-001,SRS-001,,,ARC-001,SWD-006
MRS-001,SRS-001,,,ARC-001,SWD-007
MRS-001,SRS-001,,,ARC-002,SWD-001
MRS-001,SRS-001,,,ARC-002,SWD-002
MRS-001,SRS-001,,,ARC-002,SWD-003
MRS-001,SRS-001,,,ARC-002,SWD-004
MRS-001,SRS-001,,,ARC-002,SWD-005
MRS-001,SRS-001,,,ARC-002,SWD-006
MRS-001,SRS-001,,,ARC-002,SWD-007
MRS-001,SRS-001,,,ARC-003,SWD-001
MRS-001,SRS-001,,,ARC-003,SWD-002
MRS-001,SRS-001,,,ARC-003,SWD-003
MRS-001,SRS-001,,,ARC-003,SWD-004
MRS-001,SRS-001,,,ARC-003,SWD-005
MRS-001,SRS-001,,,ARC-003,SWD-006
MRS-001,SRS-001,,,ARC-003,SWD-007
MRS-001,SRS-001,,,ARC-004,SWD-001
MRS-001,SRS-001,,,ARC-004,SWD-002
MRS-001,SRS-001,,,ARC-004,SWD-003
MRS-001,SRS-001,,,ARC-004,SWD-004
MRS-001,SRS-001,,,ARC-004,SWD-005
MRS-001,SRS-001,,,ARC-004,SWD-006
MRS-001,SRS-001,,,ARC-004,SWD-007
MRS-002,SRS-002,TST-001,TRA-001,,
MRS-002,SRS-002,,,ARC-001,SWD-001
MRS-002,SRS-002,,,ARC-001,SWD-002
MRS-002,SRS-002,,,ARC-001,SWD-003
MRS-002,SRS-002,,,ARC-001,SWD-004
MRS-002,SRS-002,,,ARC-001,SWD-005
MRS-002,SRS-002,,,ARC-001,SWD-006
MRS-002,SRS-002,,,ARC-001,SWD-007
MRS-002,SRS-002,,,ARC-002,SWD-001
MRS-002,SRS-002,,,ARC-002,SWD-002
MRS-002,SRS-002,,,ARC-002,SWD-003
MRS-002,SRS-002,,,ARC-002,SWD-004
MRS-002,SRS-002,,,ARC-002,SWD-005
MRS-002,SRS-002,,,ARC-002,SWD-006
MRS-002,SRS-002,,,ARC-002,SWD-007
MRS-002,SRS-002,,,ARC-003,SWD-001
MRS-002,SRS-002,,,ARC-003,SWD-002
MRS-002,SRS-002,,,ARC-003,SWD-003
MRS-002,SRS-002,,,ARC-003,SWD-004
MRS-002,SRS-002,,,ARC-003,SWD-005
MRS-002,SRS-002,,,ARC-003,SWD-006
MRS-002,SRS-002,,,ARC-003,SWD-007
MRS-002,SRS-002,,,ARC-004,SWD-001
MRS-002,SRS-002,,,ARC-004,SWD-002
MRS-002,SRS-002,,,ARC-004,SWD-003
MRS-002,SRS-002,,,ARC-004,SWD-004
MRS-002,SRS-002,,,ARC-004,SWD-005
MRS-002,SRS-002,,,ARC-004,SWD-006
MRS-002,SRS-002,,,ARC-004,SWD-007
MRS-002,SRS-003,TST-001,TRA-001,,
MRS-002,SRS-003,,,ARC-001,SWD-001
MRS-002,SRS-003,,,ARC-001,SWD-002
MRS-002,SRS-003,,,ARC-001,SWD-003
MRS-002,SRS-003,,,ARC-001,SWD-004
MRS-002,SRS-003,,,ARC-001,SWD-005
MRS-002,SRS-003,,,ARC-001,SWD-006
MRS-002,SRS-003,,,ARC-001,SWD-007
MRS-002,SRS-003,,,ARC-002,SWD-001
MRS-002,SRS-003,,,ARC-002,SWD-002
MRS-002,SRS-003,,,ARC-002,SWD-003
MRS-002,SRS-003,,,ARC-002,SWD-004
MRS-002,SRS-003,,,ARC-002,SWD-005
MRS-002,SRS-003,,,ARC-002,SWD-006
MRS-002,SRS-003,,,ARC-002,SWD-007
MRS-002,SRS-003,,,ARC-003,SWD-001
MRS-002,SRS-003,,,ARC-003,SWD-002
MRS-002,SRS-003,,,ARC-003,SWD-003
MRS-002,SRS-003,,,ARC-003,SWD-004
MRS-002,SRS-003,,,ARC-003,SWD-005
MRS-002,SRS-003,,,ARC-003,SWD-006
MRS-002,SRS-003,,,ARC-003,SWD-007
MRS-002,SRS-003,,,ARC-004,SWD-001
MRS-002,SRS-003,,,ARC-004,SWD-002
MRS-002,SRS-003,,,ARC-004,SWD-003
MRS-002,SRS-003,,,ARC-004,SWD-004
MRS-002,SRS-003,,,ARC-004,SWD-005
MRS-002,SRS-003,,,ARC-004,SWD-006
MRS-002,SRS-003,,,ARC-004,SWD-007
MRS-003,SRS-004,TST-001,TRA-001,,
MRS-003,SRS-004,,,ARC-001,SWD-001
MRS-003,SRS-004,,,ARC-001,SWD-002
MRS-003,SRS-004,,,ARC-001,SWD-003
MRS-003,SRS-004,,,ARC-001,SWD-004
MRS-003,SRS-004,,,ARC-001,SWD-005
MRS-003,SRS-004,,,ARC-001,SWD-006
MRS-003,SRS-004,,,ARC-001,SWD-007
MRS-003,SRS-004,,,ARC-002,SWD-001
MRS-003,SRS-004,,,ARC-002,SWD-002
MRS-003,SRS-004,,,ARC-002,SWD-003
MRS-003,SRS-004,,,ARC-002,SWD-004
MRS-003,SRS-004,,,ARC-002,SWD-005
MRS-003,SRS-004,,,ARC-002,SWD-006
MRS-003,SRS-004,,,ARC-002,SWD-007
MRS-003,SRS-004,,,ARC-003,SWD-001
MRS-003,SRS-004,,,ARC-003,SWD-002
MRS-003,SRS-004,,,ARC-003,SWD-003
MRS-003,SRS-004,,,ARC-003,SWD-004
MRS-003,SRS-004,,,ARC-003,SWD-005
MRS-003,SRS-004,,,ARC-003,SWD-006
MRS-003,SRS-004,,,ARC-003,SWD-007
MRS-003,SRS-004,,,ARC-004,SWD-001
MRS-003,SRS-004,,,ARC-004,SWD-002
MRS-003,SRS-004,,,ARC-004,SWD-003
MRS-003,SRS-004,,,ARC-004,SWD-004
MRS-003,SRS-004,,,ARC-004,SWD-005
MRS-003,SRS-004,,,ARC-004,SWD-006
MRS-003,SRS-004,,,ARC-004,SWD-007
MRS-004,SRS-005,TST-001,TRA-001,,
MRS-004,SRS-005,,,ARC-001,SWD-001
MRS-004,SRS-005,,,ARC-001,SWD-002
MRS-004,SRS-005,,,ARC-001,SWD-003
MRS-004,SRS-005,,,ARC-001,SWD-004
MRS-004,SRS-005,,,ARC-001,SWD-005
MRS-004,SRS-005,,,ARC-001,SWD-006
MRS-004,SRS-005,,,ARC-001,SWD-007
MRS-004,SRS-005,,,ARC-002,SWD-001
MRS-004,SRS-005,,,ARC-002,SWD-002
MRS-004,SRS-005,,,ARC-002,SWD-003
MRS-004,SRS-005,,,ARC-002,SWD-004
MRS-004,SRS-005,,,ARC-002,SWD-005
MRS-004,SRS-005,,,ARC-002,SWD-006
MRS-004,SRS-005,,,ARC-002,SWD-007
MRS-004,SRS-005,,,ARC-003,SWD-001
MRS-004,SRS-005,,,ARC-003,SWD-002
MRS-004,SRS-005,,,ARC-003,SWD-003
MRS-004,SRS-005,,,ARC-003,SWD-004
MRS-004,SRS-005,,,ARC-003,SWD-005
MRS-004,SRS-005,,,ARC-003,SWD-006
MRS-004,SRS-005,,,ARC-003,SWD-007
MRS-004,SRS-005,,,ARC-004,SWD-001
MRS-004,SRS-005,,,ARC-004,SWD-002
MRS-004,SRS-005,,,ARC-004,SWD-003
MRS-004,SRS-005,,,ARC-004,SWD-004
MRS-004,SRS-005,,,ARC-004,SWD-005
MRS-004,SRS-005,,,ARC-004,SWD-006
MRS-004,SRS-005,,,ARC-004,SWD-007
MRS-005,SRS-006,TST-008,TRA-008,,
MRS-005,SRS-006,,,ARC-003,SWD-001
MRS-005,SRS-006,,,ARC-003,SWD-002
MRS-005,SRS-006,,,ARC-003,SWD-003
MRS-005,SRS-006,,,ARC-003,SWD-004
MRS-005,SRS-006,,,ARC-003,SWD-005
MRS-005,SRS-006,,,ARC-003,SWD-006
MRS-005,SRS-006,,,ARC-003,SWD-007
MRS-005,SRS-006,,,ARC-004,SWD-001
MRS-005,SRS-006,,,ARC-004,SWD-002
MRS-005,SRS-006,,,ARC-004,SWD-003
MRS-005,SRS-006,,,ARC-004,SWD-004
MRS-005,SRS-006,,,ARC-004,SWD-005
MRS-005,SRS-006,,,ARC-004,SWD-006
MRS-005,SRS-006,,,ARC-004,SWD-007
MRS-006,,,,,
MRS-007,,,,,
MRS-008,SRS-007,TST-007,TRA-007,,
MRS-008,SRS-007,,,ARC-001,SWD-001
MRS-008,SRS-007,,,ARC-001,SWD-002
MRS-008,SRS-007,,,ARC-001,SWD-003
MRS-008,SRS-007,,,ARC-001,SWD-004
MRS-008,SRS-007,,,ARC-001,SWD-005
MRS-008,SRS-007,,,ARC-001,SWD-006
MRS-008,SRS-007,,,ARC-001,SWD-007
MRS-008,SRS-007,,,ARC-002,SWD-001
MRS-008,SRS-007,,,ARC-002,SWD-002
MRS-008,SRS-007,,,ARC-002,SWD-003
MRS-008,SRS-007,,,ARC-002,SWD-004
MRS-008,SRS-007,,,ARC-002,SWD-005
MRS-008,SRS-007,,,ARC-002,SWD-006
MRS-008,SRS-007,,,ARC-002,SWD-007
MRS-008,SRS-007,,,ARC-003,SWD-001
MRS-008,SRS-007,,,ARC-003,SWD-002
MRS-008,SRS-007,,,ARC-003,SWD-003
MRS-008,SRS-007,,,ARC-003,SWD-004
MRS-008,SRS-007,,,ARC-003,SWD-005
MRS-008,SRS-007,,,ARC-003,SWD-006
MRS-008,SRS-007,,,ARC-003,SWD-007
MRS-008,SRS-007,,,ARC-004,SWD-001
MRS-008,SRS-007,,,ARC-004,SWD-002
MRS-008,SRS-007,,,ARC-004,SWD-003
MRS-008,SRS-007,,,ARC-004,SWD-004
MRS-008,SRS-007,,,ARC-004,SWD-005
MRS-008,SRS-007,,,ARC-004,SWD-006
MRS-008,SRS-007,,,ARC-004,SWD-007
MRS-009,,,,,
MRS-010,,,,,
MRS-011,SRS-008,TST-009,TRA-009,,
MRS-011,SRS-008,,,ARC-003,SWD-001
MRS-011,SRS-008,,,ARC-003,SWD-002
MRS-011,SRS-008,,,ARC-003,SWD-003
MRS-011,SRS-008,,,ARC-003,SWD-004
MRS-011,SRS-008,,,ARC-003,SWD-005
MRS-011,SRS-008,,,ARC-003,SWD-006
MRS-011,SRS-008,,,ARC-003,SWD-007
MRS-011,SRS-008,,,ARC-004,SWD-001
MRS-011,SRS-008,,,ARC-004,SWD-002
MRS-011,SRS-008,,,ARC-004,SWD-003
MRS-011,SRS-008,,,ARC-004,SWD-004
MRS-011,SRS-008,,,ARC-004,SWD-005
MRS-011,SRS-008,,,ARC-004,SWD-006
MRS-011,SRS-008,,,ARC-004,SWD-007
MRS-011,SRS-009,TST-009,TRA-009,,
MRS-011,SRS-009,,,ARC-003,SWD-001
MRS-011,SRS-009,,,ARC-003,SWD-002
MRS-011,SRS-009,,,ARC-003,SWD-003
MRS-011,SRS-009,,,ARC-003,SWD-004
MRS-011,SRS-009,,,ARC-003,SWD-005
MRS-011,SRS-009,,,ARC-003,SWD-006
MRS-011,SRS-009,,,ARC-003,SWD-007
MRS-011,SRS-009,,,ARC-004,SWD-001
MRS-011,SRS-009,,,ARC-004,SWD-002
MRS-011,SRS-009,,,ARC-004,SWD-003
MRS-011,SRS-009,,,ARC-004,SWD-004
MRS-011,SRS-009,,,ARC-004,SWD-005
MRS-011,SRS-009,,,ARC-004,SWD-006
MRS-011,SRS-009,,,ARC-004,SWD-007
MRS-011,SRS-010,TST-009,TRA-009,,
MRS-011,SRS-010,,,ARC-001,SWD-001
MRS-011,SRS-010,,,ARC-001,SWD-002
MRS-011,SRS-010,,,ARC-001,SWD-003
MRS-011,SRS-010,,,ARC-001,SWD-004
MRS-011,SRS-010,,,ARC-001,SWD-005
MRS-011,SRS-010,,,ARC-001,SWD-006
MRS-011,SRS-010,,,ARC-001,SWD-007
MRS-011,SRS-010,,,ARC-002,SWD-001
MRS-011,SRS-010,,,ARC-002,SWD-002
MRS-011,SRS-010,,,ARC-002,SWD-003
MRS-011,SRS-010,,,ARC-002,SWD-004
MRS-011,SRS-010,,,ARC-002,SWD-005
MRS-011,SRS-010,,,ARC-002,SWD-006
MRS-011,SRS-010,,,ARC-002,SWD-007
MRS-011,SRS-010,,,ARC-003,SWD-001
MRS-011,SRS-010,,,ARC-003,SWD-002
MRS-011,SRS-010,,,ARC-003,SWD-003
MRS-011,SRS-010,,,ARC-003,SWD-004
MRS-011,SRS-010,,,ARC-003,SWD-005
MRS-011,SRS-010,,,ARC-003,SWD-006
MRS-011,SRS-010,,,ARC-003,SWD-007
MRS-011,SRS-010,,,ARC-004,SWD-001
MRS-011,SRS-010,,,ARC-004,SWD-002
MRS-011,SRS-010,,,ARC-004,SWD-003
MRS-011,SRS-010,,,ARC-004,SWD-004
MRS-011,SRS-010,,,ARC-004,SWD-005
MRS-011,SRS-010,,,ARC-004,SWD-006
MRS-011,SRS-010,,,ARC-004,SWD-007
MRS-012,SRS-011,,,ARC-001,SWD-001
MRS-012,SRS-011,,,ARC-001,SWD-002
MRS-012,SRS-011,,,ARC-001,SWD-003
MRS-012,SRS-011,,,ARC-001,SWD-004
MRS-012,SRS-011,,,ARC-001,SWD-005
MRS-012,SRS-011,,,ARC-001,SWD-006
MRS-012,SRS-011,,,ARC-001,SWD-007
MRS-012,SRS-011,,,ARC-002,SWD-001
MRS-012,SRS-011,,,ARC-002,SWD-002
MRS-012,SRS-011,,,ARC-002,SWD-003
MRS-012,SRS-011,,,ARC-002,SWD-004
MRS-012,SRS-011,,,ARC-002,SWD-005
MRS-012,SRS-011,,,ARC-002,SWD-006
MRS-012,SRS-011,,,ARC-002,SWD-007
MRS-012,SRS-011,,,ARC-003,SWD-001
MRS-012,SRS-011,,,ARC-003,SWD-002
MRS-012,SRS-011,,,ARC-003,SWD-003
MRS-012,SRS-011,,,ARC-003,SWD-004
MRS-012,SRS-011,,,ARC-003,SWD-005
MRS-012,SRS-011,,,ARC-003,SWD-006
MRS-012,SRS-011,,,ARC-003,SWD-007
MRS-012,SRS-011,,,ARC-004,SWD-001
MRS-012,SRS-011,,,ARC-004,SWD-002
MRS-012,SRS-011,,,ARC-004,SWD-003
MRS-012,SRS-011,,,ARC-004,SWD-004
MRS-012,SRS-011,,,ARC-004,SWD-005
MRS-012,SRS-011,,,ARC-004,SWD-006
MRS-012,SRS-011,,,ARC-004,SWD-007
MRS-012,SRS-044,TST-017,TRA-015,,
MRS-013,,,,,
MRS-014,SRS-012,TST-010,TRA-010,,
MRS-014,SRS-012,,,ARC-001,SWD-001
MRS-014,SRS-012,,,ARC-001,SWD-002
MRS-014,SRS-012,,,ARC-001,SWD-003
MRS-014,SRS-012,,,ARC-001,SWD-004
MRS-014,SRS-012,,,ARC-001,SWD-005
MRS-014,SRS-012,,,ARC-001,SWD-006
MRS-014,SRS-012,,,ARC-001,SWD-007
MRS-014,SRS-012,,,ARC-002,SWD-001
MRS-014,SRS-012,,,ARC-002,SWD-002
MRS-014,SRS-012,,,ARC-002,SWD-003
MRS-014,SRS-012,,,ARC-002,SWD-004
MRS-014,SRS-012,,,ARC-002,SWD-005
MRS-014,SRS-012,,,ARC-002,SWD-006
MRS-014,SRS-012,,,ARC-002,SWD-007
MRS-014,SRS-012,,,ARC-003,SWD-001
MRS-014,SRS-012,,,ARC-003,SWD-002
MRS-014,SRS-012,,,ARC-003,SWD-003
MRS-014,SRS-012,,,ARC-003,SWD-004
MRS-014,SRS-012,,,ARC-003,SWD-005
MRS-014,SRS-012,,,ARC-003,SWD-006
MRS-014,SRS-012,,,ARC-003,SWD-007
MRS-014,SRS-012,,,ARC-004,SWD-001
MRS-014,SRS-012,,,ARC-004,SWD-002
MRS-014,SRS-012,,,ARC-004,SWD-003
MRS-014,SRS-012,,,ARC-004,SWD-004
MRS-014,SRS-012,,,ARC-004,SWD-005
MRS-014,SRS-012,,,ARC-004,SWD-006
MRS-014,SRS-012,,,ARC-004,SWD-007
MRS-015,SRS-013,TST-004,TRA-004,,
MRS-015,SRS-013,,,ARC-003,SWD-001
MRS-015,SRS-013,,,ARC-003,SWD-002
MRS-015,SRS-013,,,ARC-003,SWD-003
MRS-015,SRS-013,,,ARC-003,SWD-004
MRS-015,SRS-013,,,ARC-003,SWD-005
MRS-015,SRS-013,,,ARC-003,SWD-006
MRS-015,SRS-013,,,ARC-003,SWD-007
MRS-015,SRS-013,,,ARC-004,SWD-001
MRS-015,SRS-013,,,ARC-004,SWD-002
MRS-015,SRS-013,,,ARC-004,SWD-003
MRS-015,SRS-013,,,ARC-004,SWD-004
MRS-015,SRS-013,,,ARC-004,SWD-005
MRS-015,SRS-013,,,ARC-004,SWD-006
MRS-015,SRS-013,,,ARC-004,SWD-007
MRS-016,SRS-041,TST-013,TRA-013,,
MRS-017,SRS-041,TST-013,TRA-013,,
MRS-018,SRS-014,TST-003,TRA-003,,
MRS-018,SRS-014,,,ARC-001,SWD-001
MRS-018,SRS-014,,,ARC-001,SWD-002
MRS-018,SRS-014,,,ARC-001,SWD-003
MRS-018,SRS-014,,,ARC-001,SWD-004
MRS-018,SRS-014,,,ARC-001,SWD-005
MRS-018,SRS-014,,,ARC-001,SWD-006
MRS-018,SRS-014,,,ARC-001,SWD-007
MRS-018,SRS-014,,,ARC-002,SWD-001
MRS-018,SRS-014,,,ARC-002,SWD-002
MRS-018,SRS-014,,,ARC-002,SWD-003
MRS-018,SRS-014,,,ARC-002,SWD-004
MRS-018,SRS-014,,,ARC-002,SWD-005
MRS-018,SRS-014,,,ARC-002,SWD-006
MRS-018,SRS-014,,,ARC-002,SWD-007
MRS-018,SRS-014,,,ARC-003,SWD-001
MRS-018,SRS-014,,,ARC-003,SWD-002
MRS-018,SRS-014,,,ARC-003,SWD-003
MRS-018,SRS-014,,,ARC-003,SWD-004
MRS-018,SRS-014,,,ARC-003,SWD-005
MRS-018,SRS-014,,,ARC-003,SWD-006
MRS-018,SRS-014,,,ARC-003,SWD-007
MRS-018,SRS-014,,,ARC-004,SWD-001
MRS-018,SRS-014,,,ARC-004,SWD-002
MRS-018,SRS-014,,,ARC-004,SWD-003
MRS-018,SRS-014,,,ARC-004,SWD-004
MRS-018,SRS-014,,,ARC-004,SWD-005
MRS-018,SRS-014,,,ARC-004,SWD-006
MRS-018,SRS-014,,,ARC-004,SWD-007
MRS-019,,,,,
MRS-020,SRS-015,TST-011,TRA-011,,
MRS-020,SRS-015,,,ARC-001,SWD-001
MRS-020,SRS-015,,,ARC-001,SWD-002
MRS-020,SRS-015,,,ARC-001,SWD-003
MRS-020,SRS-015,,,ARC-001,SWD-004
MRS-020,SRS-015,,,ARC-001,SWD-005
MRS-020,SRS-015,,,ARC-001,SWD-006
MRS-020,SRS-015,,,ARC-001,SWD-007
MRS-020,SRS-015,,,ARC-002,SWD-001
MRS-020,SRS-015,,,ARC-002,SWD-002
MRS-020,SRS-015,,,ARC-002,SWD-003
MRS-020,SRS-015,,,ARC-002,SWD-004
MRS-020,SRS-015,,,ARC-002,SWD-005
MRS-020,SRS-015,,,ARC-002,SWD-006
MRS-020,SRS-015,,,ARC-002,SWD-007
MRS-020,SRS-015,,,ARC-003,SWD-001
MRS-020,SRS-015,,,ARC-003,SWD-002
MRS-020,SRS-015,,,ARC-003,SWD-003
MRS-020,SRS-015,,,ARC-003,SWD-004
MRS-020,SRS-015,,,ARC-003,SWD-005
MRS-020,SRS-015,,,ARC-003,SWD-006
MRS-020,SRS-015,,,ARC-003,SWD-007
MRS-020,SRS-015,,,ARC-004,SWD-001
MRS-020,SRS-015,,,ARC-004,SWD-002
MRS-020,SRS-015,,,ARC-004,SWD-003
MRS-020,SRS-015,,,ARC-004,SWD-004
MRS-020,SRS-015,,,ARC-004,SWD-005
MRS-020,SRS-015,,,ARC-004,SWD-006
MRS-020,SRS-015,,,ARC-004,SWD-007
MRS-020,SRS-042,TST-014,TRA-014,,
MRS-020,SRS-043,TST-008,TRA-008,,
MRS-021,SRS-015,TST-011,TRA-011,,
MRS-021,SRS-015,,,ARC-001,SWD-001
MRS-021,SRS-015,,,ARC-001,SWD-002
MRS-021,SRS-015,,,ARC-001,SWD-003
MRS-021,SRS-015,,,ARC-001,SWD-004
MRS-021,SRS-015,,,ARC-001,SWD-005
MRS-021,SRS-015,,,ARC-001,SWD-006
MRS-021,SRS-015,,,ARC-001,SWD-007
MRS-021,SRS-015,,,ARC-002,SWD-001
MRS-021,SRS-015,,,ARC-002,SWD-002
MRS-021,SRS-015,,,ARC-002,SWD-003
MRS-021,SRS-015,,,ARC-002,SWD-004
MRS-021,SRS-015,,,ARC-002,SWD-005
MRS-021,SRS-015,,,ARC-002,SWD-006
MRS-021,SRS-015,,,ARC-002,SWD-007
MRS-021,SRS-015,,,ARC-003,SWD-001
MRS-021,SRS-015,,,ARC-003,SWD-002
MRS-021,SRS-015,,,ARC-003,SWD-003
MRS-021,SRS-015,,,ARC-003,SWD-004
MRS-021,SRS-015,,,ARC-003,SWD-005
MRS-021,SRS-015,,,ARC-003,SWD-006
MRS-021,SRS-015,,,ARC-003,SWD-007
MRS-021,SRS-015,,,ARC-004,SWD-001
MRS-021,SRS-015,,,ARC-004,SWD-002
MRS-021,SRS-015,,,ARC-004,SWD-003
MRS-021,SRS-015,,,ARC-004,SWD-004
MRS-021,SRS-015,,,ARC-004,SWD-005
MRS-021,SRS-015,,,ARC-004,SWD-006
MRS-021,SRS-015,,,ARC-004,SWD-007
MRS-022,SRS-015,TST-011,TRA-011,,
MRS-022,SRS-015,,,ARC-001,SWD-001
MRS-022,SRS-015,,,ARC-001,SWD-002
MRS-022,SRS-015,,,ARC-001,SWD-003
MRS-022,SRS-015,,,ARC-001,SWD-004
MRS-022,SRS-015,,,ARC-001,SWD-005
MRS-022,SRS-015,,,ARC-001,SWD-006
MRS-022,SRS-015,,,ARC-001,SWD-007
MRS-022,SRS-015,,,ARC-002,SWD-001
MRS-022,SRS-015,,,ARC-002,SWD-002
MRS-022,SRS-015,,,ARC-002,SWD-003
MRS-022,SRS-015,,,ARC-002,SWD-004
MRS-022,SRS-015,,,ARC-002,SWD-005
MRS-022,SRS-015,,,ARC-002,SWD-006
MRS-022,SRS-015,,,ARC-002,SWD-007
MRS-022,SRS-015,,,ARC-003,SWD-001
MRS-022,SRS-015,,,ARC-003,SWD-002
MRS-022,SRS-015,,,ARC-003,SWD-003
MRS-022,SRS-015,,,ARC-003,SWD-004
MRS-022,SRS-015,,,ARC-003,SWD-005
MRS-022,SRS-015,,,ARC-003,SWD-006
MRS-022,SRS-015,,,ARC-003,SWD-007
MRS-022,SRS-015,,,ARC-004,SWD-001
MRS-022,SRS-015,,,ARC-004,SWD-002
MRS-022,SRS-015,,,ARC-004,SWD-003
MRS-022,SRS-015,,,ARC-004,SWD-004
MRS-022,SRS-015,,,ARC-004,SWD-005
MRS-022,SRS-015,,,ARC-004,SWD-006
MRS-022,SRS-015,,,ARC-004,SWD-007
MRS-023,SRS-015,TST-011,TRA-011,,
MRS-023,SRS-015,,,ARC-001,SWD-001
MRS-023,SRS-015,,,ARC-001,SWD-002
MRS-023,SRS-015,,,ARC-001,SWD-003
MRS-023,SRS-015,,,ARC-001,SWD-004
MRS-023,SRS-015,,,ARC-001,SWD-005
MRS-023,SRS-015,,,ARC-001,SWD-006
MRS-023,SRS-015,,,ARC-001,SWD-007
MRS-023,SRS-015,,,ARC-002,SWD-001
MRS-023,SRS-015,,,ARC-002,SWD-002
MRS-023,SRS-015,,,ARC-002,SWD-003
MRS-023,SRS-015,,,ARC-002,SWD-004
MRS-023,SRS-015,,,ARC-002,SWD-005
MRS-023,SRS-015,,,ARC-002,SWD-006
MRS-023,SRS-015,,,ARC-002,SWD-007
MRS-023,SRS-015,,,ARC-003,SWD-001
MRS-023,SRS-015,,,ARC-003,SWD-002
MRS-023,SRS-015,,,ARC-003,SWD-003
MRS-023,SRS-015,,,ARC-003,SWD-004
MRS-023,SRS-015,,,ARC-003,SWD-005
MRS-023,SRS-015,,,ARC-003,SWD-006
MRS-023,SRS-015,,,ARC-003,SWD-007
MRS-023,SRS-015,,,ARC-004,SWD-001
MRS-023,SRS-015,,,ARC-004,SWD-002
MRS-023,SRS-015,,,ARC-004,SWD-003
MRS-023,SRS-015,,,ARC-004,SWD-004
MRS-023,SRS-015,,,ARC-004,SWD-005
MRS-023,SRS-015,,,ARC-004,SWD-006
MRS-023,SRS-015,,,ARC-004,SWD-007
MRS-024,SRS-008,TST-009,TRA-009,,
MRS-024,SRS-008,,,ARC-003,SWD-001
MRS-024,SRS-008,,,ARC-003,SWD-002
MRS-024,SRS-008,,,ARC-003,SWD-003
MRS-024,SRS-008,,,ARC-003,SWD-004
MRS-024,SRS-008,,,ARC-003,SWD-005
MRS-024,SRS-008,,,ARC-003,SWD-006
MRS-024,SRS-008,,,ARC-003,SWD-007
MRS-024,SRS-008,,,ARC-004,SWD-001
MRS-024,SRS-008,,,ARC-004,SWD-002
MRS-024,SRS-008,,,ARC-004,SWD-003
MRS-024,SRS-008,,,ARC-004,SWD-004
MRS-024,SRS-008,,,ARC-004,SWD-005
MRS-024,SRS-008,,,ARC-004,SWD-006
MRS-024,SRS-008,,,ARC-004,SWD-007
MRS-025,SRS-008,TST-009,TRA-009,,
MRS-025,SRS-008,,,ARC-003,SWD-001
MRS-025,SRS-008,,,ARC-003,SWD-002
MRS-025,SRS-008,,,ARC-003,SWD-003
MRS-025,SRS-008,,,ARC-003,SWD-004
MRS-025,SRS-008,,,ARC-003,SWD-005
MRS-025,SRS-008,,,ARC-003,SWD-006
MRS-025,SRS-008,,,ARC-003,SWD-007
MRS-025,SRS-008,,,ARC-004,SWD-001
MRS-025,SRS-008,,,ARC-004,SWD-002
MRS-025,SRS-008,,,ARC-004,SWD-003
MRS-025,SRS-008,,,ARC-004,SWD-004
MRS-025,SRS-008,,,ARC-004,SWD-005
MRS-025,SRS-008,,,ARC-004,SWD-006
MRS-025,SRS-008,,,ARC-004,SWD-007
MRS-025,SRS-015,TST-011,TRA-011,,
MRS-025,SRS-015,,,ARC-001,SWD-001
MRS-025,SRS-015,,,ARC-001,SWD-002
MRS-025,SRS-015,,,ARC-001,SWD-003
MRS-025,SRS-015,,,ARC-001,SWD-004
MRS-025,SRS-015,,,ARC-001,SWD-005
MRS-025,SRS-015,,,ARC-001,SWD-006
MRS-025,SRS-015,,,ARC-001,SWD-007
MRS-025,SRS-015,,,ARC-002,SWD-001
MRS-025,SRS-015,,,ARC-002,SWD-002
MRS-025,SRS-015,,,ARC-002,SWD-003
MRS-025,SRS-015,,,ARC-002,SWD-004
MRS-025,SRS-015,,,ARC-002,SWD-005
MRS-025,SRS-015,,,ARC-002,SWD-006
MRS-025,SRS-015,,,ARC-002,SWD-007
MRS-025,SRS-015,,,ARC-003,SWD-001
MRS-025,SRS-015,,,ARC-003,SWD-002
MRS-025,SRS-015,,,ARC-003,SWD-003
MRS-025,SRS-015,,,ARC-003,SWD-004
MRS-025,SRS-015,,,ARC-003,SWD-005
MRS-025,SRS-015,,,ARC-003,SWD-006
MRS-025,SRS-015,,,ARC-003,SWD-007
MRS-025,SRS-015,,,ARC-004,SWD-001
MRS-025,SRS-015,,,ARC-004,SWD-002
MRS-025,SRS-015,,,ARC-004,SWD-003
MRS-025,SRS-015,,,ARC-004,SWD-004
MRS-025,SRS-015,,,ARC-004,SWD-005
MRS-025,SRS-015,,,ARC-004,SWD-006
MRS-025,SRS-015,,,ARC-004,SWD-007
MRS-026,SRS-015,TST-011,TRA-011,,
MRS-026,SRS-015,,,ARC-001,SWD-001
MRS-026,SRS-015,,,ARC-001,SWD-002
MRS-026,SRS-015,,,ARC-001,SWD-003
MRS-026,SRS-015,,,ARC-001,SWD-004
MRS-026,SRS-015,,,ARC-001,SWD-005
MRS-026,SRS-015,,,ARC-001,SWD-006
MRS-026,SRS-015,,,ARC-001,SWD-007
MRS-026,SRS-015,,,ARC-002,SWD-001
MRS-026,SRS-015,,,ARC-002,SWD-002
MRS-026,SRS-015,,,ARC-002,SWD-003
MRS-026,SRS-015,,,ARC-002,SWD-004
MRS-026,SRS-015,,,ARC-002,SWD-005
MRS-026,SRS-015,,,ARC-002,SWD-006
MRS-026,SRS-015,,,ARC-002,SWD-007
MRS-026,SRS-015,,,ARC-003,SWD-001
MRS-026,SRS-015,,,ARC-003,SWD-002
MRS-026,SRS-015,,,ARC-003,SWD-003
MRS-026,SRS-015,,,ARC-003,SWD-004
MRS-026,SRS-015,,,ARC-003,SWD-005
MRS-026,SRS-015,,,ARC-003,SWD-006
MRS-026,SRS-015,,,ARC-003,SWD-007
MRS-026,SRS-015,,,ARC-004,SWD-001
MRS-026,SRS-015,,,ARC-004,SWD-002
MRS-026,SRS-015,,,ARC-004,SWD-003
MRS-026,SRS-015,,,ARC-004,SWD-004
MRS-026,SRS-015,,,ARC-004,SWD-005
MRS-026,SRS-015,,,ARC-004,SWD-006
MRS-026,SRS-015,,,ARC-004,SWD-007
MRS-027,SRS-015,TST-011,TRA-011,,
MRS-027,SRS-015,,,ARC-001,SWD-001
MRS-027,SRS-015,,,ARC-001,SWD-002
MRS-027,SRS-015,,,ARC-001,SWD-003
MRS-027,SRS-015,,,ARC-001,SWD-004
MRS-027,SRS-015,,,ARC-001,SWD-005
MRS-027,SRS-015,,,ARC-001,SWD-006
MRS-027,SRS-015,,,ARC-001,SWD-007
MRS-027,SRS-015,,,ARC-002,SWD-001
MRS-027,SRS-015,,,ARC-002,SWD-002
MRS-027,SRS-015,,,ARC-002,SWD-003
MRS-027,SRS-015,,,ARC-002,SWD-004
MRS-027,SRS-015,,,ARC-002,SWD-005
MRS-027,SRS-015,,,ARC-002,SWD-006
MRS-027,SRS-015,,,ARC-002,SWD-007
MRS-027,SRS-015,,,ARC-003,SWD-001
MRS-027,SRS-015,,,ARC-003,SWD-002
MRS-027,SRS-015,,,ARC-003,SWD-003
MRS-027,SRS-015,,,ARC-003,SWD-004
MRS-027,SRS-015,,,ARC-003,SWD-005
MRS-027,SRS-015,,,ARC-003,SWD-006
MRS-027,SRS-015,,,ARC-003,SWD-007
MRS-027,SRS-015,,,ARC-004,SWD-001
MRS-027,SRS-015,,,ARC-004,SWD-002
MRS-027,SRS-015,,,ARC-004,SWD-003
MRS-027,SRS-015,,,ARC-004,SWD-004
MRS-027,SRS-015,,,ARC-004,SWD-005
MRS-027,SRS-015,,,ARC-004,SWD-006
MRS-027,SRS-015,,,ARC-004,SWD-007
MRS-028,SRS-043,TST-008,TRA-008,,
MRS-029,SRS-015,TST-011,TRA-011,,
MRS-029,SRS-015,,,ARC-001,SWD-001
MRS-029,SRS-015,,,ARC-001,SWD-002
MRS-029,SRS-015,,,ARC-001,SWD-003
MRS-029,SRS-015,,,ARC-001,SWD-004
MRS-029,SRS-015,,,ARC-001,SWD-005
MRS-029,SRS-015,,,ARC-001,SWD-006
MRS-029,SRS-015,,,ARC-001,SWD-007
MRS-029,SRS-015,,,ARC-002,SWD-001
MRS-029,SRS-015,,,ARC-002,SWD-002
MRS-029,SRS-015,,,ARC-002,SWD-003
MRS-029,SRS-015,,,ARC-002,SWD-004
MRS-029,SRS-015,,,ARC-002,SWD-005
MRS-029,SRS-015,,,ARC-002,SWD-006
MRS-029,SRS-015,,,ARC-002,SWD-007
MRS-029,SRS-015,,,ARC-003,SWD-001
MRS-029,SRS-015,,,ARC-003,SWD-002
MRS-029,SRS-015,,,ARC-003,SWD-003
MRS-029,SRS-015,,,ARC-003,SWD-004
MRS-029,SRS-015,,,ARC-003,SWD-005
MRS-029,SRS-015,,,ARC-003,SWD-006
MRS-029,SRS-015,,,ARC-003,SWD-007
MRS-029,SRS-015,,,ARC-004,SWD-001
MRS-029,SRS-015,,,ARC-004,SWD-002
MRS-029,SRS-015,,,ARC-004,SWD-003
MRS-029,SRS-015,,,ARC-004,SWD-004
MRS-029,SRS-015,,,ARC-004,SWD-005
MRS-029,SRS-015,,,ARC-004,SWD-006
MRS-029,SRS-015,,,ARC-004,SWD-007
MRS-029,SRS-043,TST-008,TRA-008,,
MRS-030,SRS-015,TST-011,TRA-011,,
MRS-030,SRS-015,,,ARC-001,SWD-001
MRS-030,SRS-015,,,ARC-001,SWD-002
MRS-030,SRS-015,,,ARC-001,SWD-003
MRS-030,SRS-015,,,ARC-001,SWD-004
MRS-030,SRS-015,,,ARC-001,SWD-005
MRS-030,SRS-015,,,ARC-001,SWD-006
MRS-030,SRS-015,,,ARC-001,SWD-007
MRS-030,SRS-015,,,ARC-002,SWD-001
MRS-030,SRS-015,,,ARC-002,SWD-002
MRS-030,SRS-015,,,ARC-002,SWD-003
MRS-030,SRS-015,,,ARC-002,SWD-004
MRS-030,SRS-015,,,ARC-002,SWD-005
MRS-030,SRS-015,,,ARC-002,SWD-006
MRS-030,SRS-015,,,ARC-002,SWD-007
MRS-030,SRS-015,,,ARC-003,SWD-001
MRS-030,SRS-015,,,ARC-003,SWD-002
MRS-030,SRS-015,,,ARC-003,SWD-003
MRS-030,SRS-015,,,ARC-003,SWD-004
MRS-030,SRS-015,,,ARC-003,SWD-005
MRS-030,SRS-015,,,ARC-003,SWD-006
MRS-030,SRS-015,,,ARC-003,SWD-007
MRS-030,SRS-015,,,ARC-004,SWD-001
MRS-030,SRS-015,,,ARC-004,SWD-002
MRS-030,SRS-015,,,ARC-004,SWD-003
MRS-030,SRS-015,,,ARC-004,SWD-004
MRS-030,SRS-015,,,ARC-004,SWD-005
MRS-030,SRS-015,,,ARC-004,SWD-006
MRS-030,SRS-015,,,ARC-004,SWD-007
MRS-031,SRS-015,TST-011,TRA-011,,
MRS-031,SRS-015,,,ARC-001,SWD-001
MRS-031,SRS-015,,,ARC-001,SWD-002
MRS-031,SRS-015,,,ARC-001,SWD-003
MRS-031,SRS-015,,,ARC-001,SWD-004
MRS-031,SRS-015,,,ARC-001,SWD-005
MRS-031,SRS-015,,,ARC-001,SWD-006
MRS-031,SRS-015,,,ARC-001,SWD-007
MRS-031,SRS-015,,,ARC-002,SWD-001
MRS-031,SRS-015,,,ARC-002,SWD-002
MRS-031,SRS-015,,,ARC-002,SWD-003
MRS-031,SRS-015,,,ARC-002,SWD-004
MRS-031,SRS-015,,,ARC-002,SWD-005
MRS-031,SRS-015,,,ARC-002,SWD-006
MRS-031,SRS-015,,,ARC-002,SWD-007
MRS-031,SRS-015,,,ARC-003,SWD-001
MRS-031,SRS-015,,,ARC-003,SWD-002
MRS-031,SRS-015,,,ARC-003,SWD-003
MRS-031,SRS-015,,,ARC-003,SWD-004
MRS-031,SRS-015,,,ARC-003,SWD-005
MRS-031,SRS-015,,,ARC-003,SWD-006
MRS-031,SRS-015,,,ARC-003,SWD-007
MRS-031,SRS-015,,,ARC-004,SWD-001
MRS-031,SRS-015,,,ARC-004,SWD-002
MRS-031,SRS-015,,,ARC-004,SWD-003
MRS-031,SRS-015,,,ARC-004,SWD-004
MRS-031,SRS-015,,,ARC-004,SWD-005
MRS-031,SRS-015,,,ARC-004,SWD-006
MRS-031,SRS-015,,,ARC-004,SWD-007
MRS-032,SRS-043,TST-008,TRA-008,,
MRS-033,SRS-042,TST-014,TRA-014,,
MRS-034,SRS-015,TST-011,TRA-011,,
MRS-034,SRS-015,,,ARC-001,SWD-001
MRS-034,SRS-015,,,ARC-001,SWD-002
MRS-034,SRS-015,,,ARC-001,SWD-003
MRS-034,SRS-015,,,ARC-001,SWD-004
MRS-034,SRS-015,,,ARC-001,SWD-005
MRS-034,SRS-015,,,ARC-001,SWD-006
MRS-034,SRS-015,,,ARC-001,SWD-007
MRS-034,SRS-015,,,ARC-002,SWD-001
MRS-034,SRS-015,,,ARC-002,SWD-002
MRS-034,SRS-015,,,ARC-002,SWD-003
MRS-034,SRS-015,,,ARC-002,SWD-004
MRS-034,SRS-015,,,ARC-002,SWD-005
MRS-034,SRS-015,,,ARC-002,SWD-006
MRS-034,SRS-015,,,ARC-002,SWD-007
MRS-034,SRS-015,,,ARC-003,SWD-001
MRS-034,SRS-015,,,ARC-003,SWD-002
MRS-034,SRS-015,,,ARC-003,SWD-003
MRS-034,SRS-015,,,ARC-003,SWD-004
MRS-034,SRS-015,,,ARC-003,SWD-005
MRS-034,SRS-015,,,ARC-003,SWD-006
MRS-034,SRS-015,,,ARC-003,SWD-007
MRS-034,SRS-015,,,ARC-004,SWD-001
MRS-034,SRS-015,,,ARC-004,SWD-002
MRS-034,SRS-015,,,ARC-004,SWD-003
MRS-034,SRS-015,,,ARC-004,SWD-004
MRS-034,SRS-015,,,ARC-004,SWD-005
MRS-034,SRS-015,,,ARC-004,SWD-006
MRS-034,SRS-015,,,ARC-004,SWD-007
MRS-034,SRS-042,TST-014,TRA-014,,
MRS-037,SRS-015,TST-011,TRA-011,,
MRS-037,SRS-015,,,ARC-001,SWD-001
MRS-037,SRS-015,,,ARC-001,SWD-002
MRS-037,SRS-015,,,ARC-001,SWD-003
MRS-037,SRS-015,,,ARC-001,SWD-004
MRS-037,SRS-015,,,ARC-001,SWD-005
MRS-037,SRS-015,,,ARC-001,SWD-006
MRS-037,SRS-015,,,ARC-001,SWD-007
MRS-037,SRS-015,,,ARC-002,SWD-001
MRS-037,SRS-015,,,ARC-002,SWD-002
MRS-037,SRS-015,,,ARC-002,SWD-003
MRS-037,SRS-015,,,ARC-002,SWD-004
MRS-037,SRS-015,,,ARC-002,SWD-005
MRS-037,SRS-015,,,ARC-002,SWD-006
MRS-037,SRS-015,,,ARC-002,SWD-007
MRS-037,SRS-015,,,ARC-003,SWD-001
MRS-037,SRS-015,,,ARC-003,SWD-002
MRS-037,SRS-015,,,ARC-003,SWD-003
MRS-037,SRS-015,,,ARC-003,SWD-004
MRS-037,SRS-015,,,ARC-003,SWD-005
MRS-037,SRS-015,,,ARC-003,SWD-006
MRS-037,SRS-015,,,ARC-003,SWD-007
MRS-037,SRS-015,,,ARC-004,SWD-001
MRS-037,SRS-015,,,ARC-004,SWD-002
MRS-037,SRS-015,,,ARC-004,SWD-003
MRS-037,SRS-015,,,ARC-004,SWD-004
MRS-037,SRS-015,,,ARC-004,SWD-005
MRS-037,SRS-015,,,ARC-004,SWD-006
MRS-037,SRS-015,,,ARC-004,SWD-007
MRS-038,SRS-016,,,,
MRS-039,SRS-017,,,ARC-001,SWD-001
MRS-039,SRS-017,,,ARC-001,SWD-002
MRS-039,SRS-017,,,ARC-001,SWD-003
MRS-039,SRS-017,,,ARC-001,SWD-004
MRS-039,SRS-017,,,ARC-001,SWD-005
MRS-039,SRS-017,,,ARC-001,SWD-006
MRS-039,SRS-017,,,ARC-001,SWD-007
MRS-039,SRS-017,,,ARC-002,SWD-001
MRS-039,SRS-017,,,ARC-002,SWD-002
MRS-039,SRS-017,,,ARC-002,SWD-003
MRS-039,SRS-017,,,ARC-002,SWD-004
MRS-039,SRS-017,,,ARC-002,SWD-005
MRS-039,SRS-017,,,ARC-002,SWD-006
MRS-039,SRS-017,,,ARC-002,SWD-007
MRS-039,SRS-017,,,ARC-003,SWD-001
MRS-039,SRS-017,,,ARC-003,SWD-002
MRS-039,SRS-017,,,ARC-003,SWD-003
MRS-039,SRS-017,,,ARC-003,SWD-004
MRS-039,SRS-017,,,ARC-003,SWD-005
MRS-039,SRS-017,,,ARC-003,SWD-006
MRS-039,SRS-017,,,ARC-003,SWD-007
MRS-039,SRS-017,,,ARC-004,SWD-001
MRS-039,SRS-017,,,ARC-004,SWD-002
MRS-039,SRS-017,,,ARC-004,SWD-003
MRS-039,SRS-017,,,ARC-004,SWD-004
MRS-039,SRS-017,,,ARC-004,SWD-005
MRS-039,SRS-017,,,ARC-004,SWD-006
MRS-039,SRS-017,,,ARC-004,SWD-007
MRS-039,SRS-018,,,ARC-003,SWD-001
MRS-039,SRS-018,,,ARC-003,SWD-002
MRS-039,SRS-018,,,ARC-003,SWD-003
MRS-039,SRS-018,,,ARC-003,SWD-004
MRS-039,SRS-018,,,ARC-003,SWD-005
MRS-039,SRS-018,,,ARC-003,SWD-006
MRS-039,SRS-018,,,ARC-003,SWD-007
MRS-039,SRS-018,,,ARC-004,SWD-001
MRS-039,SRS-018,,,ARC-004,SWD-002
MRS-039,SRS-018,,,ARC-004,SWD-003
MRS-039,SRS-018,,,ARC-004,SWD-004
MRS-039,SRS-018,,,ARC-004,SWD-005
MRS-039,SRS-018,,,ARC-004,SWD-006
MRS-039,SRS-018,,,ARC-004,SWD-007
MRS-039,SRS-044,TST-017,TRA-015,,
MRS-040,,,,,
MRS-041,SRS-019,,,ARC-003,SWD-001
MRS-041,SRS-019,,,ARC-003,SWD-002
MRS-041,SRS-019,,,ARC-003,SWD-003
MRS-041,SRS-019,,,ARC-003,SWD-004
MRS-041,SRS-019,,,ARC-003,SWD-005
MRS-041,SRS-019,,,ARC-003,SWD-006
MRS-041,SRS-019,,,ARC-003,SWD-007
MRS-041,SRS-019,,,ARC-004,SWD-001
MRS-041,SRS-019,,,ARC-004,SWD-002
MRS-041,SRS-019,,,ARC-004,SWD-003
MRS-041,SRS-019,,,ARC-004,SWD-004
MRS-041,SRS-019,,,ARC-004,SWD-005
MRS-041,SRS-019,,,ARC-004,SWD-006
MRS-041,SRS-019,,,ARC-004,SWD-007
MRS-042,SRS-011,,,ARC-001,SWD-001
MRS-042,SRS-011,,,ARC-001,SWD-002
MRS-042,SRS-011,,,ARC-001,SWD-003
MRS-042,SRS-011,,,ARC-001,SWD-004
MRS-042,SRS-011,,,ARC-001,SWD-005
MRS-042,SRS-011,,,ARC-001,SWD-006
MRS-042,SRS-011,,,ARC-001,SWD-007
MRS-042,SRS-011,,,ARC-002,SWD-001
MRS-042,SRS-011,,,ARC-002,SWD-002
MRS-042,SRS-011,,,ARC-002,SWD-003
MRS-042,SRS-011,,,ARC-002,SWD-004
MRS-042,SRS-011,,,ARC-002,SWD-005
MRS-042,SRS-011,,,ARC-002,SWD-006
MRS-042,SRS-011,,,ARC-002,SWD-007
MRS-042,SRS-011,,,ARC-003,SWD-001
MRS-042,SRS-011,,,ARC-003,SWD-002
MRS-042,SRS-011,,,ARC-003,SWD-003
MRS-042,SRS-011,,,ARC-003,SWD-004
MRS-042,SRS-011,,,ARC-003,SWD-005
MRS-042,SRS-011,,,ARC-003,SWD-006
MRS-042,SRS-011,,,ARC-003,SWD-007
MRS-042,SRS-011,,,ARC-004,SWD-001
MRS-042,SRS-011,,,ARC-004,SWD-002
MRS-042,SRS-011,,,ARC-004,SWD-003
MRS-042,SRS-011,,,ARC-004,SWD-004
MRS-042,SRS-011,,,ARC-004,SWD-005
MRS-042,SRS-011,,,ARC-004,SWD-006
MRS-042,SRS-011,,,ARC-004,SWD-007
MRS-043,SRS-011,,,ARC-001,SWD-001
MRS-043,SRS-011,,,ARC-001,SWD-002
MRS-043,SRS-011,,,ARC-001,SWD-003
MRS-043,SRS-011,,,ARC-001,SWD-004
MRS-043,SRS-011,,,ARC-001,SWD-005
MRS-043,SRS-011,,,ARC-001,SWD-006
MRS-043,SRS-011,,,ARC-001,SWD-007
MRS-043,SRS-011,,,ARC-002,SWD-001
MRS-043,SRS-011,,,ARC-002,SWD-002
MRS-043,SRS-011,,,ARC-002,SWD-003
MRS-043,SRS-011,,,ARC-002,SWD-004
MRS-043,SRS-011,,,ARC-002,SWD-005
MRS-043,SRS-011,,,ARC-002,SWD-006
MRS-043,SRS-011,,,ARC-002,SWD-007
MRS-043,SRS-011,,,ARC-003,SWD-001
MRS-043,SRS-011,,,ARC-003,SWD-002
MRS-043,SRS-011,,,ARC-003,SWD-003
MRS-043,SRS-011,,,ARC-003,SWD-004
MRS-043,SRS-011,,,ARC-003,SWD-005
MRS-043,SRS-011,,,ARC-003,SWD-006
MRS-043,SRS-011,,,ARC-003,SWD-007
MRS-043,SRS-011,,,ARC-004,SWD-001
MRS-043,SRS-011,,,ARC-004,SWD-002
MRS-043,SRS-011,,,ARC-004,SWD-003
MRS-043,SRS-011,,,ARC-004,SWD-004
MRS-043,SRS-011,,,ARC-004,SWD-005
MRS-043,SRS-011,,,ARC-004,SWD-006
MRS-043,SRS-011,,,ARC-004,SWD-007
MRS-044,SRS-020,TST-005,TRA-005,,
MRS-044,SRS-020,,,ARC-001,SWD-001
MRS-044,SRS-020,,,ARC-001,SWD-002
MRS-044,SRS-020,,,ARC-001,SWD-003
MRS-044,SRS-020,,,ARC-001,SWD-004
MRS-044,SRS-020,,,ARC-001,SWD-005
MRS-044,SRS-020,,,ARC-001,SWD-006
MRS-044,SRS-020,,,ARC-001,SWD-007
MRS-044,SRS-020,,,ARC-002,SWD-001
MRS-044,SRS-020,,,ARC-002,SWD-002
MRS-044,SRS-020,,,ARC-002,SWD-003
MRS-044,SRS-020,,,ARC-002,SWD-004
MRS-044,SRS-020,,,ARC-002,SWD-005
MRS-044,SRS-020,,,ARC-002,SWD-006
MRS-044,SRS-020,,,ARC-002,SWD-007
MRS-044,SRS-020,,,ARC-003,SWD-001
MRS-044,SRS-020,,,ARC-003,SWD-002
MRS-044,SRS-020,,,ARC-003,SWD-003
MRS-044,SRS-020,,,ARC-003,SWD-004
MRS-044,SRS-020,,,ARC-003,SWD-005
MRS-044,SRS-020,,,ARC-003,SWD-006
MRS-044,SRS-020,,,ARC-003,SWD-007
MRS-044,SRS-020,,,ARC-004,SWD-001
MRS-044,SRS-020,,,ARC-004,SWD-002
MRS-044,SRS-020,,,ARC-004,SWD-003
MRS-044,SRS-020,,,ARC-004,SWD-004
MRS-044,SRS-020,,,ARC-004,SWD-005
MRS-044,SRS-020,,,ARC-004,SWD-006
MRS-044,SRS-020,,,ARC-004,SWD-007
MRS-044,SRS-021,TST-005,TRA-005,,
MRS-044,SRS-021,,,ARC-001,SWD-001
MRS-044,SRS-021,,,ARC-001,SWD-002
MRS-044,SRS-021,,,ARC-001,SWD-003
MRS-044,SRS-021,,,ARC-001,SWD-004
MRS-044,SRS-021,,,ARC-001,SWD-005
MRS-044,SRS-021,,,ARC-001,SWD-006
MRS-044,SRS-021,,,ARC-001,SWD-007
MRS-044,SRS-021,,,ARC-002,SWD-001
MRS-044,SRS-021,,,ARC-002,SWD-002
MRS-044,SRS-021,,,ARC-002,SWD-003
MRS-044,SRS-021,,,ARC-002,SWD-004
MRS-044,SRS-021,,,ARC-002,SWD-005
MRS-044,SRS-021,,,ARC-002,SWD-006
MRS-044,SRS-021,,,ARC-002,SWD-007
MRS-044,SRS-022,TST-005,TRA-005,,
MRS-044,SRS-022,,,ARC-001,SWD-001
MRS-044,SRS-022,,,ARC-001,SWD-002
MRS-044,SRS-022,,,ARC-001,SWD-003
MRS-044,SRS-022,,,ARC-001,SWD-004
MRS-044,SRS-022,,,ARC-001,SWD-005
MRS-044,SRS-022,,,ARC-001,SWD-006
MRS-044,SRS-022,,,ARC-001,SWD-007
MRS-044,SRS-022,,,ARC-002,SWD-001
MRS-044,SRS-022,,,ARC-002,SWD-002
MRS-044,SRS-022,,,ARC-002,SWD-003
MRS-044,SRS-022,,,ARC-002,SWD-004
MRS-044,SRS-022,,,ARC-002,SWD-005
MRS-044,SRS-022,,,ARC-002,SWD-006
MRS-044,SRS-022,,,ARC-002,SWD-007
MRS-044,SRS-024,TST-002,TRA-002,,
MRS-044,SRS-024,,,ARC-003,SWD-001
MRS-044,SRS-024,,,ARC-003,SWD-002
MRS-044,SRS-024,,,ARC-003,SWD-003
MRS-044,SRS-024,,,ARC-003,SWD-004
MRS-044,SRS-024,,,ARC-003,SWD-005
MRS-044,SRS-024,,,ARC-003,SWD-006
MRS-044,SRS-024,,,ARC-003,SWD-007
MRS-044,SRS-024,,,ARC-004,SWD-001
MRS-044,SRS-024,,,ARC-004,SWD-002
MRS-044,SRS-024,,,ARC-004,SWD-003
MRS-044,SRS-024,,,ARC-004,SWD-004
MRS-044,SRS-024,,,ARC-004,SWD-005
MRS-044,SRS-024,,,ARC-004,SWD-006
MRS-044,SRS-024,,,ARC-004,SWD-007
MRS-045,SRS-023,TST-003,TRA-003,,
MRS-045,SRS-023,,,ARC-003,SWD-001
MRS-045,SRS-023,,,ARC-003,SWD-002
MRS-045,SRS-023,,,ARC-003,SWD-003
MRS-045,SRS-023,,,ARC-003,SWD-004
MRS-045,SRS-023,,,ARC-003,SWD-005
MRS-045,SRS-023,,,ARC-003,SWD-006
MRS-045,SRS-023,,,ARC-003,SWD-007
MRS-045,SRS-023,,,ARC-004,SWD-001
MRS-045,SRS-023,,,ARC-004,SWD-002
MRS-045,SRS-023,,,ARC-004,SWD-003
MRS-045,SRS-023,,,ARC-004,SWD-004
MRS-045,SRS-023,,,ARC-004,SWD-005
MRS-045,SRS-023,,,ARC-004,SWD-006
MRS-045,SRS-023,,,ARC-004,SWD-007
MRS-046,SRS-024,TST-002,TRA-002,,
MRS-046,SRS-024,,,ARC-003,SWD-001
MRS-046,SRS-024,,,ARC-003,SWD-002
MRS-046,SRS-024,,,ARC-003,SWD-003
MRS-046,SRS-024,,,ARC-003,SWD-004
MRS-046,SRS-024,,,ARC-003,SWD-005
MRS-046,SRS-024,,,ARC-003,SWD-006
MRS-046,SRS-024,,,ARC-003,SWD-007
MRS-046,SRS-024,,,ARC-004,SWD-001
MRS-046,SRS-024,,,ARC-004,SWD-002
MRS-046,SRS-024,,,ARC-004,SWD-003
MRS-046,SRS-024,,,ARC-004,SWD-004
MRS-046,SRS-024,,,ARC-004,SWD-005
MRS-046,SRS-024,,,ARC-004,SWD-006
MRS-046,SRS-024,,,ARC-004,SWD-007
MRS-046,SRS-025,TST-006,TRA-006,,
MRS-051,SRS-026,TST-018,TRA-016,,
MRS-051,SRS-027,TST-018,TRA-016,,
MRS-053,SRS-028,TST-007,TRA-007,,
MRS-053,SRS-028,,,ARC-001,SWD-001
MRS-053,SRS-028,,,ARC-001,SWD-002
MRS-053,SRS-028,,,ARC-001,SWD-003
MRS-053,SRS-028,,,ARC-001,SWD-004
MRS-053,SRS-028,,,ARC-001,SWD-005
MRS-053,SRS-028,,,ARC-001,SWD-006
MRS-053,SRS-028,,,ARC-001,SWD-007
MRS-053,SRS-028,,,ARC-002,SWD-001
MRS-053,SRS-028,,,ARC-002,SWD-002
MRS-053,SRS-028,,,ARC-002,SWD-003
MRS-053,SRS-028,,,ARC-002,SWD-004
MRS-053,SRS-028,,,ARC-002,SWD-005
MRS-053,SRS-028,,,ARC-002,SWD-006
MRS-053,SRS-028,,,ARC-002,SWD-007
MRS-053,SRS-028,,,ARC-003,SWD-001
MRS-053,SRS-028,,,ARC-003,SWD-002
MRS-053,SRS-028,,,ARC-003,SWD-003
MRS-053,SRS-028,,,ARC-003,SWD-004
MRS-053,SRS-028,,,ARC-003,SWD-005
MRS-053,SRS-028,,,ARC-003,SWD-006
MRS-053,SRS-028,,,ARC-003,SWD-007
MRS-053,SRS-028,,,ARC-004,SWD-001
MRS-053,SRS-028,,,ARC-004,SWD-002
MRS-053,SRS-028,,,ARC-004,SWD-003
MRS-053,SRS-028,,,ARC-004,SWD-004
MRS-053,SRS-028,,,ARC-004,SWD-005
MRS-053,SRS-028,,,ARC-004,SWD-006
MRS-053,SRS-028,,,ARC-004,SWD-007
MRS-053,SRS-029,TST-007,TRA-007,,
MRS-053,SRS-029,,,ARC-001,SWD-001
MRS-053,SRS-029,,,ARC-001,SWD-002
MRS-053,SRS-029,,,ARC-001,SWD-003
MRS-053,SRS-029,,,ARC-001,SWD-004
MRS-053,SRS-029,,,ARC-001,SWD-005
MRS-053,SRS-029,,,ARC-001,SWD-006
MRS-053,SRS-029,,,ARC-001,SWD-007
MRS-053,SRS-029,,,ARC-002,SWD-001
MRS-053,SRS-029,,,ARC-002,SWD-002
MRS-053,SRS-029,,,ARC-002,SWD-003
MRS-053,SRS-029,,,ARC-002,SWD-004
MRS-053,SRS-029,,,ARC-002,SWD-005
MRS-053,SRS-029,,,ARC-002,SWD-006
MRS-053,SRS-029,,,ARC-002,SWD-007
MRS-053,SRS-029,,,ARC-003,SWD-001
MRS-053,SRS-029,,,ARC-003,SWD-002
MRS-053,SRS-029,,,ARC-003,SWD-003
MRS-053,SRS-029,,,ARC-003,SWD-004
MRS-053,SRS-029,,,ARC-003,SWD-005
MRS-053,SRS-029,,,ARC-003,SWD-006
MRS-053,SRS-029,,,ARC-003,SWD-007
MRS-053,SRS-029,,,ARC-004,SWD-001
MRS-053,SRS-029,,,ARC-004,SWD-002
MRS-053,SRS-029,,,ARC-004,SWD-003
MRS-053,SRS-029,,,ARC-004,SWD-004
MRS-053,SRS-029,,,ARC-004,SWD-005
MRS-053,SRS-029,,,ARC-004,SWD-006
MRS-053,SRS-029,,,ARC-004,SWD-007
MRS-053,SRS-030,TST-007,TRA-007,,
MRS-053,SRS-031,,,,
MRS-053,SRS-032,TST-007,TRA-007,,
MRS-053,SRS-033,TST-012,TRA-012,,
MRS-053,SRS-034,,,,
MRS-053,SRS-035,,,,
MRS-053,SRS-036,TST-007,TRA-007,,
MRS-053,SRS-037,TST-007,TRA-007,,
MRS-053,SRS-038,,,,
MRS-056,SRS-040,,,,
MRS-057,,,,,
MRS-058,,,,,
